name,address,city,phone,email,website,latitude,longitude,source
YMCA, Hyderabad,Hyderabad,,,,17.3954875,78.4912152,OpenStreetMap
VInayaka Nagar Community Hall, Hyderabad,Hyderabad,,,,17.3302139,78.5974194,OpenStreetMap
ramayampet, Hyderabad,Hyderabad,,,,17.4300393,78.5002689,OpenStreetMap
Community hall, Hyderabad,Hyderabad,,,,17.564618,78.4562653,OpenStreetMap
dwakra bavan, Hyderabad,Hyderabad,,,,17.5646234,78.4556037,OpenStreetMap
V M GARDEN,Golconda Road Hyderabad,Hyderabad,,,,17.3797252,78.4331981,OpenStreetMap
Vipasana Meditation Center, Hyderabad,Hyderabad,,,,17.3127634,78.575762,OpenStreetMap
TTD Kalyana Mandapam,Old NH 7 Hyderabad Road Hyderabad,Hyderabad,,,,17.0773969,78.2083244,OpenStreetMap
Manahub, Hyderabad,Hyderabad,,nanoharsha@gmail.com,https://openfoodnetwork.in/manahub/,17.4971475,78.416516,OpenStreetMap
Collab house,Road No 70 Hyderabad,Hyderabad,,,,17.421538,78.4096862,OpenStreetMap
Gunrock Enclave Community Center, Hyderabad,Hyderabad,,,,17.4591464,78.494254,OpenStreetMap
"school, commuity, ply area", Hyderabad,Hyderabad,,,,17.3181672,78.5508063,OpenStreetMap
Sai Ram Nagar Colony Community Hall, Hyderabad,Hyderabad,,,,17.3816253,78.5610952,OpenStreetMap
Community Hall HAL Township,HAL Township Street Hyderabad,Hyderabad,,,,17.4709468,78.4526655,OpenStreetMap
Swecha Office,"Nehru Outer Ring Road Beside Centre for Good Governance, Greenlands colony, Gachibowli 'X'Roads, Sherilingampally, Rangareddy Dt.,",Hyderabad,04023001263,contact@swecha.org,www.swecha.org,17.4359743,78.3604038,OpenStreetMap
SVM Grand, Hyderabad,Hyderabad,,,,17.409797,78.6015737,OpenStreetMap
MKBR Gardens, Hyderabad,Hyderabad,,,,17.4088894,78.6057159,OpenStreetMap
kamala nagar community hall,"kamala nagar Hyderabad, Telangana.",Hyderabad,,,,17.3297133,78.5777552,OpenStreetMap
centre for sustainable agriculture (CSA), Hyderabad,Hyderabad,,,,17.4267187,78.540085,OpenStreetMap
Sha Function Hall, Hyderabad,Hyderabad,,,,17.4013691,78.4644447,OpenStreetMap
Vets Functional Hall, Hyderabad,Hyderabad,,,,17.3979672,78.4565014,OpenStreetMap
Kalyanpuri Community Center, Hyderabad,Hyderabad,,,,17.4108383,78.5564624,OpenStreetMap
KLR Gardens, Hyderabad,Hyderabad,,,,17.302207,78.5072451,OpenStreetMap
Mohammed Riyazuddin,Bhavani Nagar Talab Katta Hyderabad,Hyderabad,+919441543002,riyazfushu@gmail.com,,17.3504018,78.4877934,OpenStreetMap
CKR and KTR Convention Hall, Hyderabad,Hyderabad,,,,17.3050528,78.5197234,OpenStreetMap
Vasanth Vihar Function hall, Hyderabad,Hyderabad,,,,17.3710545,78.5795912,OpenStreetMap
Usha Maternity and Nursing Home,"H.No. 8-15/3, Hema Nagar, Boduppal, Ghatkesar (Mandal)",Hyderabad,+914027207779,,,17.4217805,78.5650029,OpenStreetMap
Sri Balaji Nursing Home,"3-34/1, Vijaypuri Colony, Uppal main Road",Hyderabad,,,,17.4007736,78.5668011,OpenStreetMap
Sri Venkata Sai Nursing Home,"5-2/1, Durga Nagar, Shivani Lodge Lane, Dilsukhnagar",Hyderabad,,,,17.3688313,78.5262736,OpenStreetMap
Sri Aparajitha Nursing Home,"Kalyana Kameswari Plot No 31& 32, Navodaya Colony, Uppal",Hyderabad,,,,17.4184778,78.5683957,OpenStreetMap
Vyshali Nursing Home,"1-78 / 1 / A / 2, Plot No: 31, Boduppal Colony Rd, Bayanna Nagar",Hyderabad,+914029803062,,,17.4195974,78.5804777,OpenStreetMap
Anitha Nursing Home - Malakpet,"16-2-147/64/6D, Anand Nagar, Malakpet",Hyderabad,,,,17.3710686,78.5069691,OpenStreetMap
bhavani nagar community hall, Hyderabad,Hyderabad,,,,17.479477,78.564056,OpenStreetMap
Mahboob College Grounds, Hyderabad,Hyderabad,,,,17.4400188,78.4962092,OpenStreetMap
YMCA Secunderabad, Hyderabad,Hyderabad,,,,17.4425872,78.4989862,OpenStreetMap
Seven Hills Vedanth, Hyderabad,Hyderabad,,,,17.4234372,78.5165486,OpenStreetMap
Sri Sai Venkatreddy Function Hall, Hyderabad,Hyderabad,,,,17.4688619,78.7907294,OpenStreetMap
MEE SEVA, Hyderabad,Hyderabad,,,,17.4561295,78.4221254,OpenStreetMap
Mothi Nagar Community Hall,MOTHI NAGAR hyderabad,Hyderabad,,,,17.4547202,78.4229318,OpenStreetMap
Kamma Sangam, hyderabad,Hyderabad,,,,17.4306943,78.4474936,OpenStreetMap
community  hall, Hyderabad,Hyderabad,,,,17.0340578,78.8881039,OpenStreetMap
shaikpet bhishma bhavan, Hyderabad,Hyderabad,,,,17.4053517,78.396257,OpenStreetMap
shaikpet welfare community centre, Hyderabad,Hyderabad,,,,17.4045016,78.3968015,OpenStreetMap
Ganga, Hyderabad,Hyderabad,,,,17.4406954,78.3926876,OpenStreetMap
O.U. Colony Community Hall,O.U.Colony Hyderabad,Hyderabad,,,,17.407386,78.3925655,OpenStreetMap
Sri Vishwamitra enclave phase  1, Hyderabad,Hyderabad,,,,17.2867793,78.6178853,OpenStreetMap
Sri Vishwamitra enclave 2, Hyderabad,Hyderabad,,,,17.2887698,78.6195349,OpenStreetMap
Sri Vishwamitra enclave 3, Hyderabad,Hyderabad,,,,17.2888565,78.6205629,OpenStreetMap
Dewaki Venture, Hyderabad,Hyderabad,,,,17.2887337,78.6211866,OpenStreetMap
Patidar Bhavan,"Near Moosapet Bus Stop, Moosapet",Hyderabad,,,,17.470352,78.4266772,OpenStreetMap
CEO Office, Hyderabad,Hyderabad,,,,17.4177177,78.4300467,OpenStreetMap
Secretariat hills community hall, Hyderabad,Hyderabad,,,,17.3903003,78.3823827,OpenStreetMap
Bommak Gangaiah Function Hall, Hyderabad,Hyderabad,,,,17.4185005,78.5741079,OpenStreetMap
Ambedhkar Community Hall, nacharam,Hyderabad,,,,17.443377,78.5704015,OpenStreetMap
Bommak Shanthamma Gardens, Hyderabad,Hyderabad,,,,17.420952,78.5698207,OpenStreetMap
Bommak.V.V.S Gardens, Hyderabad,Hyderabad,,,,17.4213443,78.5688088,OpenStreetMap
Prashanth Nagar Commuity Centre,Prashanth Nagar road No 3 Hyderabad,Hyderabad,,,,17.4077425,78.5578984,OpenStreetMap
Gayathrinagar Community Hall, Hyderabad,Hyderabad,,,,17.3194865,78.5953285,OpenStreetMap
Kohinoor Gardens,"SH 1, Hafeez Baba Nagar, North
Hyderabad 500058, Telangana, India Hyderabad",Hyderabad,,,,17.3306923,78.4879074,OpenStreetMap
Abood Jaidi Function Hall,"18-10-52, Srisailam Hwy, Maheswaram Lines, Chandrayangutta, Hyderabad, Telangana 500005 Hyderabad",Hyderabad,,,,17.3210715,78.481706,OpenStreetMap
Al Amoodi Palaces,"500005, 18-10-48, Srisailam Hwy, Maheswaram Lines, Chandrayangutta, Hyderabad, Telangana 500005 Hyderabad",Hyderabad,09849292698,,,17.3208122,78.4810638,OpenStreetMap
ALL INDIA INSTITUTE OF LOCAL SELF GOVERNMENT,National highway 65 Vanasthalipuram,Hyderabad,,aiilsghyd@gmail.com,https://www.aiilsg.org/,17.3369697,78.5714825,OpenStreetMap
Boudhanagar community hall, Hyderabad,Hyderabad,,,,17.4160319,78.517419,OpenStreetMap
Function Hall, Hyderabad,Hyderabad,,,,17.3521327,78.4758631,OpenStreetMap
NIzampet community Hall, Hyderabad,Hyderabad,,,,17.5189924,78.3795275,OpenStreetMap
The Vintage Palace, Hyderabad,Hyderabad,,,,17.3760094,78.4341332,OpenStreetMap
Kanha Shanti Vanam - Main Entrance,"Kanha Village Kanha Village, Nandingama Mandal",Hyderabad,,,https://www.heartfulness.org/,17.1751035,78.2189527,OpenStreetMap
A1 function hall,Old NH 7 Hyderabad Road SHADNAGAR,Hyderabad,,,,17.0834979,78.2117211,OpenStreetMap
ambedkar nagar centre," Ambedkar nagar colony, Tappa chabhudra",Hyderabad,,,,17.3752751,78.4488171,OpenStreetMap
Ambedkar Bavan, Hyderabad,Hyderabad,,,,17.4429193,78.5718996,OpenStreetMap
Lakshmi Convention, Hyderabad,Hyderabad,,,,17.340927,78.520979,OpenStreetMap
Mallika AC Convention, Hyderabad,Hyderabad,,,,17.2737273,78.3968953,OpenStreetMap
Rythu Vedika Narsapur, Hyderabad,Hyderabad,,,,17.7366198,78.2840879,OpenStreetMap
Rythu Vedika, Hyderabad,Hyderabad,,,,17.7815806,78.2964273,OpenStreetMap
Mayfair Convention, Hyderabad,Hyderabad,,,,17.272427,78.3972434,OpenStreetMap
Pregna Gardens, Hyderabad,Hyderabad,,,,17.8380537,78.6966228,OpenStreetMap
TYR Gardens, Hyderabad,Hyderabad,,,,17.8407632,78.6942777,OpenStreetMap
Anveshi Research Centre for Women's Studies,Lane B Hyderabad,Hyderabad,04027157431,anveshirc@gmail.com,https://www.anveshi.org.in/,17.403787,78.5186634,OpenStreetMap
Jawahar Nagar Community Hall, Hyderabad,Hyderabad,,,,17.4090844,78.4910889,OpenStreetMap
Basti Dawakhana, Hyderabad,Hyderabad,,,,17.367534,78.3920986,OpenStreetMap
ambedkar community hall, Hyderabad,Hyderabad,,,,17.4821344,78.4186598,OpenStreetMap
Annamayya Concert Bhavan‎, Hyderabad,Hyderabad,,,,17.460533,78.3760536,OpenStreetMap
B K Raghava Reddy Gardens, Hyderabad,Hyderabad,,,,17.4887249,78.3210127,OpenStreetMap
Pochampalli Balavanth Reddy Function Hall, Hyderabad,Hyderabad,,,,17.3730438,78.5665087,OpenStreetMap
Kalyana Lakshmi Gardens, Hyderabad,Hyderabad,,,,17.3782379,78.5673355,OpenStreetMap
Indu Aranya Club House, Hyderabad,Hyderabad,,,,17.36561,78.5822969,OpenStreetMap
Subham Convention Centre, Hyderabad,Hyderabad,,,,17.3800621,78.5646168,OpenStreetMap
Ananthaula Ram Reddy Function Hall, Hyderabad,Hyderabad,,,,17.3718218,78.5643309,OpenStreetMap
M.E reddy function hall, Hyderabad,Hyderabad,,,,17.3406724,78.5709301,OpenStreetMap
Mangala Kalyana Mandapam, Hyderabad,Hyderabad,,,,17.5010031,78.2989206,OpenStreetMap
Savera Function Hall, Hyderabad,Hyderabad,,,,17.4353256,78.4313263,OpenStreetMap
Dr. Homi J Bhaba Function Hall, Hyderabad,Hyderabad,,,,17.4742959,78.5594794,OpenStreetMap
BHEL Community Centre, Hyderabad,Hyderabad,,,,17.494349,78.3061594,OpenStreetMap
Indu Windsor Club, Hyderabad,Hyderabad,,,,17.4769314,78.3825097,OpenStreetMap
tiffen centre, Hyderabad,Hyderabad,,,,17.4535566,78.5006571,OpenStreetMap
Kolan Raghav Reddy Gardens,Nizampet Road hyderabad,Hyderabad,,,,17.5066634,78.3855887,OpenStreetMap
Cybercity Convention, Hyderabad,Hyderabad,,,,17.4662524,78.3733404,OpenStreetMap
Sundaraya Kalabhavan, Hyderabad,Hyderabad,,,,17.3979119,78.4985322,OpenStreetMap
HMT Swarnapuri Community Hall, Hyderabad,Hyderabad,,,,17.5166216,78.3423657,OpenStreetMap
Dwarakamai Nagar Community Hall,"Dwarakamai Nagar, Vanasthalipuram Hyderabad, Telangana.",Hyderabad,,,,17.3303788,78.5811876,OpenStreetMap
Kolan Narayan Reddy Function Hall,Nizampet Road Hyderabad,Hyderabad,,,,17.5065204,78.3866261,OpenStreetMap
Amdara Palace Function Hall, Hyderabad,Hyderabad,,,,17.417045,78.4995447,OpenStreetMap
Hemanagar Residents Welfare Association,Road No 9 Hyderabad,Hyderabad,,,,17.4224071,78.5673554,OpenStreetMap
N Convention, Hyderabad,Hyderabad,,,,17.4558698,78.3816193,OpenStreetMap
Bhagya Sri Function Hall, Hyderabad,Hyderabad,,,,17.3673972,78.5323033,OpenStreetMap
Shabheri AC Gardens, Hyderabad,Hyderabad,,,,17.3905401,78.6078938,OpenStreetMap
Federation House, Hyderabad,Hyderabad,,,https://www.ftapcci.com,17.4005847,78.4653396,OpenStreetMap
Sapphire Function Palace, Hyderabad,Hyderabad,,,,17.3750436,78.5075006,OpenStreetMap
NBK, Hyderabad,Hyderabad,,,,17.4104757,78.4984424,OpenStreetMap
Red Rose Function Hall, Hyderabad,Hyderabad,,,,17.417954,78.5133339,OpenStreetMap
babu jagjivan ram bhavan,vijayapuri colony rd hyderabad,Hyderabad,,,,17.3659696,78.5428609,OpenStreetMap
Clubhouse, Hyderabad,Hyderabad,,,,17.5286838,78.3610848,OpenStreetMap
Sri Balaji Gardens, Hyderabad,Hyderabad,,,,17.5101329,78.2957969,OpenStreetMap
Pingali Venkataramana Reddy Convention Centre, Hyderabad,Hyderabad,,,,17.4119141,78.4793208,OpenStreetMap
KBR Convention, Hyderabad,Hyderabad,,,,17.351555,78.5669956,OpenStreetMap
Poorna Gardens, Hyderabad,Hyderabad,,,,17.3351811,78.383376,OpenStreetMap
RV Silpa Community Center, Hyderabad,Hyderabad,,,,17.439025,78.3679086,OpenStreetMap
MRWA Community Center, Hyderabad,Hyderabad,,,,17.4952716,78.3678904,OpenStreetMap
Venkateswara Functional Hall,Bibinagar Hyderabad,Hyderabad,,,,17.4525509,78.8307907,OpenStreetMap
RD Convention Centre, Hyderabad,Hyderabad,,,,17.5308281,78.485998,OpenStreetMap
Viswanath Gardens,JP Nagar lane Hyderabad,Hyderabad,,,,17.5085897,78.3538672,OpenStreetMap
PSR Gardens, Hyderabad,Hyderabad,,,,17.3761232,78.3561507,OpenStreetMap
New Vivekananda Nagar community hall, Hyderabad,Hyderabad,,,,17.4985118,78.4601225,OpenStreetMap
Sree Krishna Gardens, Hyderabad,Hyderabad,,,,17.5237558,78.3952682,OpenStreetMap
Anand N Convention, Hyderabad,Hyderabad,,,,17.5324558,78.3950865,OpenStreetMap
Madhuraa Nagar Community Centre, Hyderabad,Hyderabad,,,,17.5052642,78.3934382,OpenStreetMap
Butta Convention Center, Hyderabad,Hyderabad,,,,17.4578566,78.3849761,OpenStreetMap
Orphanage, Hyderabad,Hyderabad,,,,17.5250807,78.3944661,OpenStreetMap
Sri Kalyan Gardens, Hyderabad,Hyderabad,,,,17.4959696,78.3625655,OpenStreetMap
HMT Hills Community Hall, Hyderabad,Hyderabad,,,,17.5027256,78.3960029,OpenStreetMap
Goda Krishna Gardens, Hyderabad,Hyderabad,,,,17.5058085,78.4071268,OpenStreetMap
Sandhya Convention By Nimantran, Hyderabad,Hyderabad,,,,17.4447466,78.3557577,OpenStreetMap
Sheshadri Nagar Community Hall, Hyderabad,Hyderabad,,,,17.4915115,78.4177099,OpenStreetMap
Old Age Home, Hyderabad,Hyderabad,,,,17.577236,78.4294407,OpenStreetMap
LN Garden,Old NH 7 Hyderabad Road SHADNAGAR,Hyderabad,,,,17.0818432,78.207668,OpenStreetMap
King Palace,Old NH 7 Hyderabad Road Shadnagar,Hyderabad,,,,17.0817957,78.2100328,OpenStreetMap
RED ROSE PALACE FUNCTION HALL,Old NH 7 Hyderabad Road Shadnagar,Hyderabad,,,,17.0864841,78.2140155,OpenStreetMap
LSN GARDEN,Old NH 7 Hyderabad Road SHADNAGAR,Hyderabad,,,,17.0844099,78.2115771,OpenStreetMap
Sivananda Rehabilitation Home, Hyderabad,Hyderabad,,,,17.4872818,78.4078837,OpenStreetMap
Sampradaya Vedika, Hyderabad,Hyderabad,,,,17.4522577,78.3772395,OpenStreetMap
Rythu Vedika Lingapur, Hyderabad,Hyderabad,,,,17.7815581,78.2963737,OpenStreetMap
chitrapuri community hall, Hyderabad,Hyderabad,,,,17.4131399,78.3832236,OpenStreetMap
Janaagraha,Cunningham Road Bangalore,Bangalore,,,https://www.janaagraha.org/,12.9852385,77.5967481,OpenStreetMap
S.C/S.T Welfare assocition, Bangalore,Bangalore,,,,12.984978,77.5707314,OpenStreetMap
Dr.b R Ambedkar Samudaya Bavan(bbmp), Bangalore,Bangalore,,,,12.9862367,77.5707724,OpenStreetMap
Youth welfare association, Bangalore,Bangalore,,,,12.9861118,77.570748,OpenStreetMap
V.R.naidu Abimanigala sanga, Bangalore,Bangalore,,,,12.9916519,77.5681858,OpenStreetMap
Samatha Sainika Dala, Bangalore,Bangalore,,,,12.9496427,77.6133364,OpenStreetMap
JDS Office, Bangalore,Bangalore,,,,12.9498927,77.6147223,OpenStreetMap
Bus staf&Reds, Bangalore,Bangalore,,,,12.9500392,77.6139324,OpenStreetMap
Government training centre, Bangalore,Bangalore,,,,12.9503659,77.6151518,OpenStreetMap
Central Govt Community Hall, Bangalore,Bangalore,,,,12.9602685,77.6401315,OpenStreetMap
Nandagokula Sabhangana, Bangalore,Bangalore,,,,12.9385924,77.5410571,OpenStreetMap
Sundar Mahal, Bangalore,Bangalore,,,,12.9388834,77.5392281,OpenStreetMap
Prince Party Hall, Bangalore,Bangalore,,,,12.9279572,77.5619192,OpenStreetMap
Guru Narasimha Kalyana Mantap, Bangalore,Bangalore,,,,12.9496638,77.5680233,OpenStreetMap
Akkamahadevi Kalyana Mantapa, Bangalore,Bangalore,,,,12.998911,77.5484169,OpenStreetMap
Shivaprabha Kalyana Mantapa, Bangalore,Bangalore,,,,12.9831177,77.5486996,OpenStreetMap
Assocham,"1st Cross, Domlur Service Road, Doopanhalli, HAL 2nd Stage, Indiranagar Bangalore",Bangalore,,,,12.9640245,77.640748,OpenStreetMap
Ashirwad, Bangalore,Bangalore,,,,12.9719394,77.6004411,OpenStreetMap
Sri Shubha Sapthagiri Convention Hall, Bangalore,Bangalore,,,,13.0498565,77.7564056,OpenStreetMap
Partik Convention Hall, Bangalore,Bangalore,,,,12.922965,77.5893788,OpenStreetMap
Lakshmi Nursing Home, Bangalore,Bangalore,,,,12.9928414,77.5753482,OpenStreetMap
Terapanth Bhavan, Bangalore,Bangalore,,,,12.9776756,77.5796673,OpenStreetMap
Hande Hall, Bangalore,Bangalore,,,,12.9248857,77.5850521,OpenStreetMap
Chandra Shekara Bharati Kalyana Mantapa,Pampa Maha Kavi Road Bangalore,Bangalore,,,,12.954482,77.572086,OpenStreetMap
Sharada Prasada Kalyana Mantapa,Pampa Mahakavi Road Bangalore,Bangalore,,,,12.9546728,77.5720966,OpenStreetMap
Raya Raya Kollam Kalyana Mantapa,Pampa Maha Kavi Road Bangalore,Bangalore,,,,12.9552792,77.5725794,OpenStreetMap
Krishna Vadiraja Kalyana Mantapa, Bangalore,Bangalore,,,,12.9549159,77.5725607,OpenStreetMap
Rotary Club, Bangalore,Bangalore,,,,12.9742636,77.5992958,OpenStreetMap
Nandana Party Hall, Bangalore,Bangalore,,,,12.9875529,77.5496062,OpenStreetMap
Alternative Law Forum,Infantry Road Bangalore,Bangalore,,,https://altlawforum.org/,12.9808553,77.6019476,OpenStreetMap
Kruthika Nursing Home,"Nanjappa Road, Vidyaranna Pura Main Road",Bangalore,,,,13.0677029,77.559964,OpenStreetMap
IT for change,"31st ""B"" Cross Road Jayanagar 4th T Block, Bangalore",Bangalore,0802653689008026654134,,https://itforchange.net,12.92764,77.590219,OpenStreetMap
Azim Premji Foundation, Bangalore,Bangalore,,,,12.9157954,77.6852217,OpenStreetMap
Purandara Dasa Trust Hall, Bangalore,Bangalore,,,,12.8960028,77.5542251,OpenStreetMap
KTSVS Rajatha Mahotsava Samudaaya Bhavana, Bangalore,Bangalore,,,,12.9843805,77.5558016,OpenStreetMap
CSTEP,10th Cross Bangalore,Bangalore,+918066902500,,https://cstep.in/,13.0484114,77.5796283,OpenStreetMap
Ashoka Innovators For The Public, Bangalore,Bangalore,,,,12.9592401,77.6356973,OpenStreetMap
Kalike,18th Main Bangalore,Bangalore,,,,12.9697385,77.536211,OpenStreetMap
E4D Banjarapalya Centre;E4D banjarapalya, Bangalore,Bangalore,,,,12.8318108,77.4853264,OpenStreetMap
Sri Hari Kalyana Mantapa, Bangalore,Bangalore,,,,12.9283205,77.5621194,OpenStreetMap
HB Samaja Convention Hall, Bangalore,Bangalore,,,,12.9457315,77.5717632,OpenStreetMap
Parimala Sabhangana, Bangalore,Bangalore,,,,12.9788524,77.6391984,OpenStreetMap
Sri Chowdeshwari Bhavan, Bangalore,Bangalore,,,,12.9420376,77.6023113,OpenStreetMap
Ayodhya Kalyana Mantapa, Bangalore,Bangalore,,,,12.9377783,77.5841061,OpenStreetMap
Samaj Seva Sangha, Bangalore,Bangalore,,,,12.9390863,77.5827169,OpenStreetMap
Akshara Foundation,OMBR Bangalore,Bangalore,,,,13.0100716,77.6571211,OpenStreetMap
Pratham Books, Bangalore,Bangalore,,,,13.0101493,77.6571308,OpenStreetMap
Bhavi Katte Kalyana Mantapa, Bangalore,Bangalore,,,,13.3525095,77.1028706,OpenStreetMap
Akshaya, Bangalore,Bangalore,,,,12.9518644,77.700154,OpenStreetMap
Function Hall, Bangalore,Bangalore,,,,12.9708578,77.6349102,OpenStreetMap
Asha Foundation Trust,100 Feet Road Bangalore,Bangalore,,,,12.9694953,77.6416662,OpenStreetMap
Kalyana Mantapa, Bangalore,Bangalore,,,,12.8066474,77.3997988,OpenStreetMap
ActionAid, Bangalore,Bangalore,,,,12.9701863,77.6167093,OpenStreetMap
Krishna Summit Banquet Hall, Bangalore,Bangalore,,,,12.9577993,77.7009213,OpenStreetMap
Government Function Hall, Bangalore,Bangalore,,,,12.9620904,77.5496787,OpenStreetMap
Vasavi Mahal, Bangalore,Bangalore,,,,12.9268736,77.5143095,OpenStreetMap
Parvati Kalyana Mantapa, Bangalore,Bangalore,,,,13.0085079,77.6514124,OpenStreetMap
Amnesty International,13th Cross Bangalore,Bangalore,,,https://www.amnesty.org.in/,12.9790088,77.6363845,OpenStreetMap
Plong, Bangalore,Bangalore,,,,12.9696627,77.6365282,OpenStreetMap
Innovation and Science Promotion Foundation,11th Main Road Bengaluru,Bangalore,+919902874525,contact@ispf.in,https://ispf.in,13.0041354,77.5623508,OpenStreetMap
Soudhamini Kalyana Mantapa, Bangalore,Bangalore,,,,12.8826852,77.5661555,OpenStreetMap
Ambedkar Community Computer Center(AC3), Bangalore,Bangalore,,,https://slumdweller.wikispaces.com/,12.9240616,77.6021808,OpenStreetMap
Kannada Samskreeta Mahila Koota, Bangalore,Bangalore,,,,12.9704844,77.6521261,OpenStreetMap
Institute For Cultural Research and Action, Bangalore,Bangalore,,,,12.9812972,77.6476388,OpenStreetMap
ಶ್ರೀ ಸುಧೀಂದ್ರ ಸಭಾಂಗಣ, Bangalore,Bangalore,,,,12.8378848,77.6897153,OpenStreetMap
CIIQ, Bangalore,Bangalore,,,,12.9761181,77.4765336,OpenStreetMap
Vysya Choultry, Bangalore,Bangalore,,,,12.9826539,77.6098418,OpenStreetMap
Karunadu services, Bangalore,Bangalore,08042123520,,,12.9821034,77.6575557,OpenStreetMap
Subharam Kalyana Mantapa, Bangalore,Bangalore,,,,12.9784178,77.5485962,OpenStreetMap
Dodda Mane, Bangalore,Bangalore,,,,12.7010917,77.2527754,OpenStreetMap
Meenaakshi Convention Center, Bangalore,Bangalore,,,,12.875302,77.5943821,OpenStreetMap
Land Farmhouse, Bangalore,Bangalore,,,,12.8490883,77.4520893,OpenStreetMap
MituToyo, Bangalore,Bangalore,,,,12.9320232,77.6229745,OpenStreetMap
All Peoples Church & World Outreach, Bangalore,Bangalore,,,,13.0208689,77.6425433,OpenStreetMap
Aadhar Enrollment Center, Bangalore,Bangalore,,,,12.984642,77.6760274,OpenStreetMap
Karnataka Kalyana Mantapa, Bangalore,Bangalore,,,,13.0217462,77.584538,OpenStreetMap
Huq Building, Bangalore,Bangalore,,,,12.9616605,77.5891542,OpenStreetMap
Sri Vinayaka Nursing Home,"No.3033 7, 8Th Main, Hal 2nd Stage",Bangalore,,,,12.9729726,77.6463407,OpenStreetMap
Lakshmi Convention Hall, Bangalore,Bangalore,,,,13.0024301,77.5491202,OpenStreetMap
Hal, Bangalore,Bangalore,,,,12.9557759,77.6881147,OpenStreetMap
Marriage Hall, Bangalore,Bangalore,,,,12.9548569,77.6608219,OpenStreetMap
Sri Srinivasa Nilaya Dharmika Sabha Mandira, Bangalore,Bangalore,,,,12.9390746,77.5480968,OpenStreetMap
Souharda Mini Hall, Bangalore,Bangalore,,,,12.9370957,77.5486674,OpenStreetMap
Sapthapadi Kalyana Mantapa, Bangalore,Bangalore,,,,12.9370832,77.5487177,OpenStreetMap
Kamalanaga Party Hall, Bangalore,Bangalore,,,,12.9390478,77.5480928,OpenStreetMap
Dalit Youth Welfare Association, Bangalore,Bangalore,,,,12.962269,77.6610281,OpenStreetMap
Sir M Vishveswaraya Welfare Association, Bangalore,Bangalore,,,,12.9644427,77.6597533,OpenStreetMap
Sambodh foundation, Bangalore,Bangalore,,,,13.0583178,77.6025545,OpenStreetMap
Human Rights Protection and Corruption Eradication Forum, Bangalore,Bangalore,,,,12.9733553,77.6383481,OpenStreetMap
Anantha shishu nivasa,"Bull Temple Road, 6thMain Road Bangalore",Bangalore,,,,12.9416432,77.5669962,OpenStreetMap
Namma mane, Bangalore,Bangalore,,,,12.9641358,77.6472619,OpenStreetMap
YMCA dream home, Bangalore,Bangalore,,,,13.0256565,77.6189083,OpenStreetMap
Kirubai Project, Bangalore,Bangalore,,,,13.0679365,77.642652,OpenStreetMap
Santhosha Samsara, Bangalore,Bangalore,,,,13.0677182,77.6426191,OpenStreetMap
The refuge foundation, Bangalore,Bangalore,,,,13.0652996,77.647434,OpenStreetMap
Home of Faith, Bangalore,Bangalore,,,,13.0713862,77.65634,OpenStreetMap
Living Hope, Bangalore,Bangalore,,,,13.0430746,77.6081198,OpenStreetMap
Sukanya ghar- SATH, Bangalore,Bangalore,,,,12.9906539,77.6871725,OpenStreetMap
Shishu Mandir, Bangalore,Bangalore,,,,13.0372009,77.7121393,OpenStreetMap
Abhayadhama, Bangalore,Bangalore,,,,12.980077,77.7485727,OpenStreetMap
Royal Kempegowda Convention Center, Bangalore,Bangalore,,,,13.1180936,77.5725944,OpenStreetMap
PMR Hall, Bangalore,Bangalore,,,,12.9335312,77.6186326,OpenStreetMap
Sri Channakeshava Kalyana Mantapa, Bangalore,Bangalore,,,,12.9914563,77.550787,OpenStreetMap
Sapthagiri Party Hall, Bangalore,Bangalore,,,,13.041054,77.624476,OpenStreetMap
Vijaya Nursing Home, Bangalore,Bangalore,,,,12.7109833,77.699406,OpenStreetMap
Omthara Kala Kuteera, Bangalore,Bangalore,+919741155621,contact@omthara.com,https://omthara.com/,13.0366327,77.3215413,OpenStreetMap
"G R Veerabhadrappa's Veerashaiva Choultry, Sanskrit and Veda Pathashala", Bangalore,Bangalore,,,,12.9689075,77.5771309,OpenStreetMap
Vasavi Mahal,"8th cross, Malleshwaram Bangalore",Bangalore,,,,12.9988158,77.5705059,OpenStreetMap
Chintalapalli Venkatamuni Setty's Free Boarding Hostel and Choultry, Bangalore,Bangalore,,,,12.9693722,77.5793304,OpenStreetMap
Association of People with Disability, Bangalore,Bangalore,,,,13.007447,77.6232635,OpenStreetMap
Savithri Bai Phoole Educatiknal Trust, Bangalore,Bangalore,,,,13.4019167,78.049995,OpenStreetMap
The Patterns Club, Bangalore,Bangalore,,,,12.8808602,77.4643207,OpenStreetMap
Indian Red Cross Society - Karnataka Red Cross Blood Bank,"Red Cross Bhavan, 326, Ist Floor, Race Course Road, Bengaluru",Bangalore,8022268435,,https://www.redcrosskarnataka.org/,12.9843552,77.5787035,OpenStreetMap
Pragathi Nursing Home,"No. 674/A, 10Th Cross, 5Th Main, W O C Road 2nd Stage, Mahalakshmi Puram",Bangalore,,,,12.998769,77.5465317,OpenStreetMap
ಟ್ರಿನಿಟಿ ಪಾರ್ಟಿ ಹಾಲ್,3rd Cross Road Bangalore,Bangalore,+919535491991,,,13.0207335,77.636475,OpenStreetMap
"Ramakrishna Nursing Home, Bengaluru Urban","#79/18, 1st Cross , Vith Main Road, Gayathridevi Park Extn. Vylikaval",Bangalore,,,,13.0059324,77.57696,OpenStreetMap
Kassia,Chord Road Bengaluru,Bangalore,08023353250,president@kassia.co.in,https://kassia.co.in/,12.9746323,77.5472612,OpenStreetMap
Clubhouse, Bangalore,Bangalore,,,,13.0607032,77.6413357,OpenStreetMap
Drishya Kalika Kendra,G. Baiyapanahalli Bangalore,Bangalore,,,http://www.dwarakaonline.com/Html/DRRT.htm,12.9946362,77.6418177,OpenStreetMap
Adam's Golden Heritage, Bangalore,Bangalore,,,,12.9978333,77.6075801,OpenStreetMap
Foundation for Agrarian Studies,9th A main road Bangalore,Bangalore,+9108040952150,,https://fas.org.in/,12.9775289,77.6423904,OpenStreetMap
Aashirvad Nursing Home,"6th Cross Rd, Gowtham Nagar, Srirampura, Bengaluru, Karnataka",Bangalore,,,,12.9912133,77.5669044,OpenStreetMap
Solidarity foundation office,5th cross Bangalore,Bangalore,,,,13.0423021,77.5705021,OpenStreetMap
Ashanilaya, Bangalore,Bangalore,,,,12.9422997,77.6265044,OpenStreetMap
Beena Ville,"1st Main, 6th Cross, Hosa Road Bengaluru",Bangalore,,,,12.8727454,77.6538377,OpenStreetMap
Freemasons Hall, Bangalore,Bangalore,,,,12.9731876,77.6121868,OpenStreetMap
Raja Ravi Varma Heritage Foundation, Bangalore,Bangalore,,,https://rrvhfoundation.com/index.html,12.9742363,77.5987838,OpenStreetMap
Pearl Banquet, Bangalore,Bangalore,,,,12.9832235,77.5965106,OpenStreetMap
RRR Kalyana Mantapa, Bangalore,Bangalore,,,,12.982855,77.5682066,OpenStreetMap
A Hundred Hands, Bangalore,Bangalore,,,,12.9644307,77.6151761,OpenStreetMap
Mother Tekla Auditorium, Bangalore,Bangalore,,,,12.9697498,77.6158132,OpenStreetMap
Shree Shwetambar Sthanakvasi Jain, Bangalore,Bangalore,,,,12.9648895,77.6122136,OpenStreetMap
All India Veerashiva Mahasabha, Bangalore,Bangalore,,,,13.0069739,77.583774,OpenStreetMap
Devi Party Hall,"Kengeri, Bangalore Bangalore",Bangalore,,,,12.9301033,77.4872589,OpenStreetMap
Samata Sainik Dal, Bangalore,Bangalore,,,https://ssdindia.org/,12.9524002,77.6190586,OpenStreetMap
Rajalakshmi Kalyana Mantapa, Bangalore,Bangalore,,,,12.9168805,77.5800258,OpenStreetMap
BBMP Employees Co-Operative Society, Bangalore,Bangalore,,,,12.9675882,77.5900894,OpenStreetMap
Bengaluru Science & Technology cluster, Bangalore,Bangalore,,,https://www.bestkc.in/,13.0132336,77.5688177,OpenStreetMap
Samudaya Bhavan, Bangalore,Bangalore,,,,12.9244017,77.5974792,OpenStreetMap
Sri Srinivasa Kalyana Mantapa,5th Main Road Bangalore,Bangalore,+918026506002,,,12.957032,77.5656363,OpenStreetMap
Nagamma Cancer Foundation, Bangalore,Bangalore,,,,12.9577583,77.569709,OpenStreetMap
Sree Ramaseva Mandali Foundation,SV Narayanaswamy Rao Marg Bangalore,Bangalore,,,,12.9576037,77.5685697,OpenStreetMap
Belaku Vatsalya Dhama, Bangalore,Bangalore,,,,12.9097266,77.5824286,OpenStreetMap
Sri Annapoorneshwari Kalyana Mantapa, Bangalore,Bangalore,,,,12.8829862,77.5659892,OpenStreetMap
Dr. BR Ambedkar Samudaya Bhavan, Bangalore,Bangalore,,,,12.9085763,77.6494882,OpenStreetMap
Fireflies Intercultural Centre,"Agara Main Road, Uttari Bangalore",Bangalore,,,http://fireflies.org.in,12.8099055,77.4890328,OpenStreetMap
Ramana Mani Foundation, Bangalore,Bangalore,,,,12.9652416,77.5956698,OpenStreetMap
Siddhartha Convention Centre,26th Cross Road Bengaluru,Bangalore,,,,12.9054885,77.6499377,OpenStreetMap
underline center, Bangalore,Bangalore,,,https://underline.center,12.9672549,77.6367397,OpenStreetMap
Yuvaka Sangha, Bangalore,Bangalore,,,http://yuvakasangha.org/,12.9274226,77.5877197,OpenStreetMap
CMA Mahal, Bangalore,Bangalore,,,,13.0012487,77.6162988,OpenStreetMap
Oorvani Foundation,Palace Road Bangalore,Bangalore,,,,12.9947982,77.5892229,OpenStreetMap
Daksh Foundation,Palace Road Bangalore,Bangalore,,,,12.9948134,77.5891694,OpenStreetMap
TreeHouse,Sri Krishna Temple Road Bengaluru,Bangalore,,,,12.9789103,77.641665,OpenStreetMap
Jamia Shadi Mahal, Bangalore,Bangalore,,,,13.1039745,77.5941829,OpenStreetMap
Shri Subramanya Swamy Kalyana Mantapa, Bangalore,Bangalore,,,,12.9773097,77.6284146,OpenStreetMap
Private Community Hall Sarandapalli, Bangalore,Bangalore,,,,12.5350302,77.6912082,OpenStreetMap
Samagata Foundation,Church Street Bengaluru,Bangalore,,foundation@samagata.org,https://samagata.org/,12.9757784,77.6026895,OpenStreetMap
Jayanagar Cultural And Civic Association, Bangalore,Bangalore,+918022443953,,,12.9265055,77.5832362,OpenStreetMap
Laksh Legacy, Bangalore,Bangalore,,,,12.8678497,77.4503909,OpenStreetMap
Bangalore City Dr Ambedkar Youth Welfare Association, Bangalore,Bangalore,,,,12.9571022,77.5838084,OpenStreetMap
ShikshaLokam, Bangalore,Bangalore,,,https://shikshalokam.org/,12.9060669,77.5836596,OpenStreetMap
Shivacharana Old Age Home,Halasahalli Road Bangalore,Bangalore,,,,12.9369386,77.7504357,OpenStreetMap
Indira Canteen, Bangalore,Bangalore,,,,12.957077,77.5819551,OpenStreetMap
R.T.P Convention Center,Shettihalli Main Road Bangalore,Bangalore,,,,13.3112577,77.1243999,OpenStreetMap
Hajee Saleh Mohammed Ahmed Sait Cutchi Memon Jamath Khana, Bangalore,Bangalore,,,,12.9827759,77.6108927,OpenStreetMap
BWSSB Employee's Association, Bangalore,Bangalore,,,,13.0101007,77.5674623,OpenStreetMap
Pushpa Nursing Home, Bangalore,Bangalore,,,,12.9689367,77.7496425,OpenStreetMap
Dhaatu Puppet Gallery, Bangalore,Bangalore,,,https://www.dhaatupuppets.org,12.8637062,77.5301347,OpenStreetMap
VasantaVana, Bangalore,Bangalore,,,,12.8636877,77.53029,OpenStreetMap
Ambaari Wedding Venue, Bangalore,Bangalore,,,,12.824726,77.5853751,OpenStreetMap
Sri Mahaganapathi Community Center, Bangalore,Bangalore,,,,12.9725978,77.7500645,OpenStreetMap
Lohitha ilam,4th main road Bangalore,Bangalore,,,,12.8594067,77.6733415,OpenStreetMap
Rainmatter Foundation, Bangalore,Bangalore,,,,12.92008,77.5795242,OpenStreetMap
Ideal Community Hall, Bangalore,Bangalore,,,,12.9274267,77.5150483,OpenStreetMap
Golden Jubilee Convention Centre, Bangalore,Bangalore,,,,12.9276696,77.5150909,OpenStreetMap
Above Zenith Makerspace, Bangalore,Bangalore,,,,12.974173,77.6221257,OpenStreetMap
Spandhana, Bangalore,Bangalore,,,,12.7371338,77.303399,OpenStreetMap
Sisters of St Charles, Bangalore,Bangalore,,,,13.0469685,77.643915,OpenStreetMap
HSR Residents Welfare Association, Bangalore,Bangalore,,,,12.9178363,77.6505493,OpenStreetMap
Bangalore Club,Residency Road Bengaluru,Bangalore,,,https://www.bangaloreclub.com/,12.9668142,77.5974558,OpenStreetMap
Kalyani Kalamandira, Bangalore,Bangalore,,,,12.8998116,77.6000002,OpenStreetMap
Chesire Homes India, Bangalore,Bangalore,+919047011145,chinc.blr@gmail.com,,12.9729288,77.7473121,OpenStreetMap
St. Thomas Parish Hall,"Christ School Road, SaddaguntePalya, Dairy Circle Bangalore",Bangalore,,,,12.9313367,77.6028731,OpenStreetMap
Chandrodaya, Bangalore,Bangalore,,,,12.9313556,77.6020313,OpenStreetMap
Chandrodaya,"Bannerghatta Rd, Bhavani Nagar, Hombegowda Nagar Bengaluru",Bangalore,,,,12.9314529,77.6017526,OpenStreetMap
Samad House, Bangalore,Bangalore,,,,12.9813245,77.6072401,OpenStreetMap
Suryodhaya, Bangalore,Bangalore,,,,12.9313292,77.6021955,OpenStreetMap
Sapthagiri Kalyana Mantapa, Bangalore,Bangalore,,,,13.0079076,77.5481009,OpenStreetMap
St. Michael's Home, Bangalore,Bangalore,,,,12.9844576,77.6464785,OpenStreetMap
Dr. B.R.Ambedkar Bhavana,Millers Road Bangalore,Bangalore,,,,12.9924181,77.5954867,OpenStreetMap
Sathya Sai Samskruti Sadana, Bangalore,Bangalore,,,,12.9355264,77.6097472,OpenStreetMap
Domlur Club,"4th Main Road, Domlur 2nd Stage Bengaluru",Bangalore,,,,12.9644769,77.6370815,OpenStreetMap
Sharana Seva Samaja, Bangalore,Bangalore,,,,13.0093859,77.5493192,OpenStreetMap
Chandragiri Palace,"8th Cross Rd, 2nd Block, Nagarbhavi 1st Stage, Chandra Layout, Vijayanagar Bangalore",Bangalore,,,,12.9585103,77.5262252,OpenStreetMap
Dwarakanath Bhavan, Bangalore,Bangalore,,,,12.9409007,77.5734925,OpenStreetMap
Shiva Shakthi Convention Hall, Bangalore,Bangalore,,,,12.9370961,77.5764902,OpenStreetMap
Ashraya Vrudhasharama, Bangalore,Bangalore,,,,12.9065498,77.5417857,OpenStreetMap
Venkatadri Kalyana Mantapa, Bangalore,Bangalore,,,,12.9257536,77.554778,OpenStreetMap
Kodava Samaja, Bangalore,Bangalore,,,,12.9946075,77.5948001,OpenStreetMap
Gandhi Bhavan, Bangalore,Bangalore,,,,12.9880279,77.5803274,OpenStreetMap
Stephen's Home for the Aged, Bangalore,Bangalore,,,,13.0033402,77.6171322,OpenStreetMap
The Churches' Council for Child and Youth Care,Lavelle Road Bangalore,Bangalore,,,,12.9731218,77.5986467,OpenStreetMap
Sri Venkateshwara Marriage Hall, Bangalore,Bangalore,,,,12.9532049,77.5000117,OpenStreetMap
Art of Living, Bangalore,Bangalore,,,,12.8239413,77.5086208,OpenStreetMap
Arghyam - Safe sustainable water for all,12th Main Road Bangalore,Bangalore,,,,12.9705397,77.6436174,OpenStreetMap
Sri Suryodaya Kalyana Mantapa, Bangalore,Bangalore,,,,12.9747088,77.5477246,OpenStreetMap
Seva Sadan,14th Cross Road Bangalore,Bangalore,,,,13.0042482,77.5702486,OpenStreetMap
SBN Hall, Bangalore,Bangalore,,,,12.9451773,77.5675211,OpenStreetMap
Ganjam Mantap,Bull Temple Road Bangalore,Bangalore,,,,12.9461969,77.5674238,OpenStreetMap
Banjara Bhavana,"Thimmaiah Rd, Kaverappa Layout, Vasanth Nagar Bengaluru",Bangalore,,,,12.9924051,77.5963866,OpenStreetMap
DRDO Community Hall, Bangalore,Bangalore,,,,12.9847018,77.6631402,OpenStreetMap
Kashmir Bhavan, Bangalore,Bangalore,,,,12.9259714,77.5987129,OpenStreetMap
A.G.N. Kalyana Mandira, Bangalore,Bangalore,,,,12.8892598,77.5970931,OpenStreetMap
Dwaraka Samsthana Hall, Bangalore,Bangalore,,,,12.9428531,77.5730351,OpenStreetMap
Yediyur Samudaya Bhavan,Kanakapura Road Bengaluru,Bangalore,,,,12.9323332,77.575458,OpenStreetMap
Meenakshi Kalyana Matapa, Bangalore,Bangalore,,,,12.9244231,77.5114174,OpenStreetMap
Meenakshi Padmavathi Kalyana Matapa, Bangalore,Bangalore,,,,12.9248553,77.5113967,OpenStreetMap
Saligrama Party Hall, Bangalore,Bangalore,,,,12.9352746,77.5476721,OpenStreetMap
Krishna Community Hall,Hoodi main road bangalore,Bangalore,+918971309953,,,13.0020899,77.7123234,OpenStreetMap
Heritage Convention Center, Bangalore,Bangalore,,,,12.9901327,77.4853073,OpenStreetMap
SDP Palace Kalyana Mantapa, Bangalore,Bangalore,,,,13.0494506,77.7593946,OpenStreetMap
N G R Kalyana Mantap,Bannerghatta Road Bengaluru,Bangalore,,,,12.9088788,77.5998534,OpenStreetMap
Advaita Bhavana, Bangalore,Bangalore,,,,13.3737708,77.2073563,OpenStreetMap
Sri Vaishnava Sammudhana, Bangalore,Bangalore,,,,13.3739785,77.2076783,OpenStreetMap
Sri Vysa Madhva Kundalagiri Bhavana, Bangalore,Bangalore,,,,13.3737863,77.2067701,OpenStreetMap
Nitya Anna Santarpana Bhavana, Bangalore,Bangalore,,,,13.3737229,77.2079285,OpenStreetMap
Bungalow 7,Hall Road Bangalore,Bangalore,,,,13.0042468,77.6159177,OpenStreetMap
Sri Mahan Odukathur Swamigal Mutt,"Gangadhara Chetty Road, Ulsoor Bangalore",Bangalore,,,,12.9805552,77.615782,OpenStreetMap
New Town Club, Bangalore,Bangalore,,,,13.0994665,77.584798,OpenStreetMap
Eventide Home, Bangalore,Bangalore,,,,12.9663909,77.5954955,OpenStreetMap
SFS Boys Hostel,"Kammasandra, Electronic City Bengaluru",Bangalore,,,,12.8316752,77.6821869,OpenStreetMap
Chamara Vajra, Bangalore,Bangalore,,,,13.0012629,77.5935327,OpenStreetMap
Shilpaniketan Dakshin Kannada Vishwa Brahmin Sangha(R), Bangalore,Bangalore,,,,13.1008294,77.5853749,OpenStreetMap
Bangalore Tamil Sangam, Bangalore,Bangalore,,,https://www.bangaloretamilsangam.org/,12.984747,77.6178878,OpenStreetMap
Cheshire Homes, Bangalore,Bangalore,,,,12.9599956,77.649864,OpenStreetMap
Purva Heights Club House, Bangalore,Bangalore,,,,12.9043495,77.6027347,OpenStreetMap
WHO India, Bangalore,Bangalore,,,,12.9865689,77.6444392,OpenStreetMap
Rainbow Residency Club House, Bangalore,Bangalore,,,,12.906379,77.6825783,OpenStreetMap
Jogupalya Community Hall, Bangalore,Bangalore,,,,12.9717468,77.631471,OpenStreetMap
Dr. Bheem Rao Palace, Bangalore,Bangalore,,,,12.9897262,77.5508363,OpenStreetMap
Radha Krishna Kalyana Mantapa, Bangalore,Bangalore,,,,13.0672404,77.5863503,OpenStreetMap
White Palace Convention Centre,Mysore Road Bengaluru,Bangalore,+917687008700+917411111011,,http://whitepalacebangalore.com/,12.9263252,77.500057,OpenStreetMap
Tamara Weddings & Events, Bangalore,Bangalore,,,,12.8591528,77.5695611,OpenStreetMap
SLV, Bangalore,Bangalore,,,,12.8567206,77.5282478,OpenStreetMap
Little Sisters of Poor, Bangalore,Bangalore,,,,13.0288442,77.6370308,OpenStreetMap
Bangalore International Centre - BIC, Bangalore,Bangalore,,,https://bangaloreinternationalcentre.org/,12.9668485,77.6352863,OpenStreetMap
V Legacy, Bangalore,Bangalore,,,,12.9320622,77.5275863,OpenStreetMap
Poornima Palace Convention Center,Pattanagere Main Road Bengaluru,Bangalore,,,,12.9256305,77.5024295,OpenStreetMap
Club Lounge, Bangalore,Bangalore,,,,13.0495502,77.5942241,OpenStreetMap
MR Convention Hall, Bangalore,Bangalore,,,,12.9451699,77.5299597,OpenStreetMap
Ramada,Doddaballapur Road Bengaluru,Bangalore,+918048044044,info@ramadabengaluruyelahanka.com,https://www.ramadabengaluruyelahanka.com,13.1560202,77.5646487,OpenStreetMap
Blessed Care Nivas, Bangalore,Bangalore,,,,13.0460828,77.6437157,OpenStreetMap
Utsava Convention Hall, Bangalore,Bangalore,,,,13.1089877,77.5813237,OpenStreetMap
BEL Kalyana Mantapa, Bangalore,Bangalore,,,,13.0504359,77.5516648,OpenStreetMap
Ramanashree California Resort, Bangalore,Bangalore,,,https://www.ramanashree.com/,13.1145392,77.5779081,OpenStreetMap
Y Muniswamappa Kalyana Mantapa, Bangalore,Bangalore,,,,13.0164805,77.555864,OpenStreetMap
Society of the Little Sisters of the Poor, Bangalore,Bangalore,,,,12.9605295,77.6057468,OpenStreetMap
Jasma Mandir Kalyana Mantapa, Bangalore,Bangalore,,,,12.9585254,77.6141502,OpenStreetMap
Aadya Farms, Bangalore,Bangalore,,,,13.1242886,77.5459832,OpenStreetMap
RG Royal Convention Hall, Bangalore,Bangalore,,,,13.0169663,77.5488401,OpenStreetMap
Catholic Club, Bangalore,Bangalore,,,https://www.catholiclub.com/,12.9692202,77.6059609,OpenStreetMap
TS Convention Hall,Anjanapura 60 Feet Road Bangalore,Bangalore,,,,12.8727119,77.5658939,OpenStreetMap
Institution of Agricultural Technologists, Bangalore,Bangalore,,,http://www.iatbangalore.com/,12.9875399,77.5981592,OpenStreetMap
St. John's Community Center, Bangalore,Bangalore,,,,12.9914384,77.6129533,OpenStreetMap
Sri Rajarajeshwari Kalyana Mantapa, Bangalore,Bangalore,,,,12.9942212,77.5550169,OpenStreetMap
Tirumala Tirupathi Devasthanam Kalyana Mantapa, Bangalore,Bangalore,,,,13.0067942,77.5765549,OpenStreetMap
Sumanahalli, Bangalore,Bangalore,,,https://sumanahalli.org/,12.9843725,77.5171635,OpenStreetMap
Crystal Palace Convention Center, Bangalore,Bangalore,,,,13.0626691,77.6331478,OpenStreetMap
Raitha Bhavan, Bangalore,Bangalore,,,,13.0233372,77.5486181,OpenStreetMap
Khan's Convention Hall, Bangalore,Bangalore,,,,12.9907106,77.603524,OpenStreetMap
Milan Hall, Bangalore,Bangalore,,,,12.9902574,77.6033006,OpenStreetMap
The Bangalore Friend-In Need Society, Bangalore,Bangalore,,,,12.9909262,77.6024803,OpenStreetMap
Vigneshwara Seva Samiti, Bangalore,Bangalore,,,,13.0058301,77.5512891,OpenStreetMap
Club House, Bangalore,Bangalore,,,,12.9816504,77.7109571,OpenStreetMap
Missionaries of Charity, Bangalore,Bangalore,,,,13.1097963,77.6049009,OpenStreetMap
Indian Red Cross Society, Bangalore,Bangalore,,,,12.9835444,77.6234989,OpenStreetMap
Asha Bhavan, Bangalore,Bangalore,,,,12.9124518,77.7073435,OpenStreetMap
St. Patrick's Community Hall, Bangalore,Bangalore,,,,12.9705346,77.6054541,OpenStreetMap
The Neighborhood, Bangalore,Bangalore,,,https://www.theneighborhood.in/,13.0578383,77.5848497,OpenStreetMap
SpoorthiDhaama, Bangalore,Bangalore,,,https://spoorthidhama.com/,12.9768945,77.4859646,OpenStreetMap
Samarthana Trust for the Disabled, Bangalore,Bangalore,,,,12.9145825,77.6414027,OpenStreetMap
Vishranthi Nilayam, Bangalore,Bangalore,,,,12.9814155,77.5991837,OpenStreetMap
The Bangalore Parsee Zoroastrian Anjuman, Bangalore,Bangalore,,,https://www.bpza.org/,12.9843308,77.5978947,OpenStreetMap
Shams Convention Centre, Bangalore,Bangalore,,,,12.991951,77.6074842,OpenStreetMap
Mukhtar Manzil Convention Hall, Bangalore,Bangalore,,,,12.9948958,77.6027041,OpenStreetMap
Taj Palace, Bangalore,Bangalore,,,,12.9950301,77.6023904,OpenStreetMap
Indian Social Institute, Bangalore,Bangalore,,,,12.9974896,77.6054075,OpenStreetMap
Family YMCA, Bangalore,Bangalore,,,,12.9948922,77.6054903,OpenStreetMap
Holy Cross Mercy Old Age Home, Bangalore,Bangalore,,,,13.0679923,77.6526881,OpenStreetMap
Le Roma Gardenia, Bangalore,Bangalore,,,,13.1260353,77.5643094,OpenStreetMap
Miraya Greens, Bangalore,Bangalore,,,,12.8259897,77.5990989,OpenStreetMap
Swanthana Orphanage, Bangalore,Bangalore,,,,12.9018855,77.7171336,OpenStreetMap
Kendriya Vihar Community Hall, Bangalore,Bangalore,,,,13.1069667,77.6001435,OpenStreetMap
Aditya Kalyana Mantapa, Bangalore,Bangalore,,,,12.9195053,77.5383509,OpenStreetMap
Chowdeswari Devi Kalyana Mantapa, Bangalore,Bangalore,,,,13.1042957,77.5974816,OpenStreetMap
Holy Spirit Old Age Home, Bangalore,Bangalore,,,,12.8714885,77.5907706,OpenStreetMap
St. Joseph Elderly Home, Bangalore,Bangalore,,,,12.8490868,77.5973361,OpenStreetMap
BOSCO Mane, Bangalore,Bangalore,,,https://boscoban.org/our-centres/bosco-mane/,12.958257,77.569312,OpenStreetMap
The Association of People with Disability,"Hutchins Road, 6th Cross Bangalore",Bangalore,+918025475165,,https://www.apd-india.org/,13.0076393,77.6234246,OpenStreetMap
Terige Bhavana, Bangalore,Bangalore,,,,12.9640191,77.5111413,OpenStreetMap
Sandeep Vihar Community Center, Bangalore,Bangalore,,,https://sandeepvihar.com/svcc,13.0232404,77.7614097,OpenStreetMap
Salarpuria Sattva Divinity Clubhouse, Bangalore,Bangalore,,,,12.9391869,77.5265887,OpenStreetMap
United Christian Fellowship, Bangalore,Bangalore,,,https://www.ucfhome.org/,13.0131322,77.6267009,OpenStreetMap
Vasant Vihar Community Center, Bangalore,Bangalore,,,,13.1550366,77.6398467,OpenStreetMap
Katherine Nivas, Bangalore,Bangalore,,,,13.1593581,77.6388989,OpenStreetMap
Sneha Jyoti Old Age Home, Bangalore,Bangalore,,,,12.8900594,77.4598527,OpenStreetMap
Sardar Patel Bhavan, Bangalore,Bangalore,,,,12.9921248,77.5966112,OpenStreetMap
Athulya Senior Care Services, Bangalore,Bangalore,,,https://www.athulyaseniorcare.com/whitefield.php,12.9591157,77.7446056,OpenStreetMap
Sri Nandagokula Kalyana Mantapa, Bangalore,Bangalore,,,,13.0651864,77.634146,OpenStreetMap
Samavana, Bangalore,Bangalore,,,,13.1237884,77.5495529,OpenStreetMap
The Secret Grove at Jinvara,Doddaballapur Road Bengaluru,Bangalore,+919606065523,thesecretgroveblr@gmail.com,https://jinvara.in/index.php/the-secret-grove,13.1259471,77.5662772,OpenStreetMap
Shanthidham Foundation, Bangalore,Bangalore,,,,12.8101092,77.5102012,OpenStreetMap
Basaveshwara Sugnana Mantapa, Bangalore,Bangalore,,,,12.9748682,77.5456734,OpenStreetMap
Wesley Old Age Home, Bangalore,Bangalore,,,,12.995022,77.6042931,OpenStreetMap
Young Men Indians' Association, Bangalore,Bangalore,,,,12.9904005,77.6190992,OpenStreetMap
Women's Indian Association, Bangalore,Bangalore,,,,12.9989578,77.6199465,OpenStreetMap
Santhawana Hospice, Bangalore,Bangalore,,,,13.0889656,77.6560724,OpenStreetMap
Accept Society, Bangalore,Bangalore,,,,13.0739713,77.6570917,OpenStreetMap
Bengaluru Vihara Kendra, Bangalore,Bangalore,,,,12.9253116,77.5701821,OpenStreetMap
India Campus Crusade for Christ, Bangalore,Bangalore,,,,13.0149962,77.6297184,OpenStreetMap
Cosmic Culture Research Centre, Bangalore,Bangalore,,,,13.0259784,77.6363999,OpenStreetMap
Old age home, Bangalore,Bangalore,,,,12.9217851,77.730978,OpenStreetMap
Satya Foundation, Bangalore,Bangalore,,,,13.0803046,77.6165856,OpenStreetMap
Sumanahalli Skill Development Center, Bangalore,Bangalore,,,https://sumanahalli.org/,12.9813946,77.5165761,OpenStreetMap
Sumanahalli Anugraha, Bangalore,Bangalore,,,https://sumanahalli.org/,12.9822558,77.516831,OpenStreetMap
Snehasadan Orphanage, Bangalore,Bangalore,,,,12.8808818,77.5901699,OpenStreetMap
Elizabeth Care home, Bangalore,Bangalore,,,,12.9319899,77.6124959,OpenStreetMap
Elizabeth Mane Aksahaparavakal, Bangalore,Bangalore,,,,13.1088481,77.5160647,OpenStreetMap
CLT India, Bangalore,Bangalore,,,https://cltindia.org,13.0763327,77.6056416,OpenStreetMap
Bharat Sevashram Sangha, Bangalore,Bangalore,,,,13.0738761,77.6049663,OpenStreetMap
REDS Skill Training Centre, Bangalore,Bangalore,,,,12.8269935,77.7063665,OpenStreetMap
Suryodaya Boys Centre, Bangalore,Bangalore,,,,12.8996782,77.7147733,OpenStreetMap
Sun Palace, Bangalore,Bangalore,,,,12.7990963,77.7152158,OpenStreetMap
Sneha Bhavan Institute, Bangalore,Bangalore,,,,12.6997915,77.8563416,OpenStreetMap
GNR Kalyana Mantapa, Bangalore,Bangalore,,,,12.9197507,77.5891587,OpenStreetMap
Mandala Cultural Center, Bangalore,Bangalore,,,https://mandalabengaluru.com,12.8633219,77.5301259,OpenStreetMap
BBMP Yoga Center, Bangalore,Bangalore,,,,12.9992902,77.5379424,OpenStreetMap
SJP Kalyana Mantapa, Bangalore,Bangalore,,,,12.9652477,77.6821016,OpenStreetMap
Bharathiya Grameen Mahila Sangh, Bangalore,Bangalore,,,,12.9638483,77.6782345,OpenStreetMap
MSMI Anugraha Children's Home, Bangalore,Bangalore,,,,12.9168215,77.7163362,OpenStreetMap
White Pearl Convention Centre, Bangalore,Bangalore,,,,13.1036464,77.6340381,OpenStreetMap
Manthra Convention Centre, Bangalore,Bangalore,,,,12.9104778,77.720639,OpenStreetMap
Sri Lakshminarayana Swamy Kalyana Mantapa, Bangalore,Bangalore,,,,12.9887506,77.536771,OpenStreetMap
Liza's Home, Bangalore,Bangalore,,,https://lizashome.org/,13.0692707,77.6654748,OpenStreetMap
